{"$schema":"http://schema.management.azure.com/schemas/2015-01-01/deploymentTemplate.json#","contentVersion":"1.0.0.0","parameters":{"factoryName":{"type":"string","metadata":"Data Factory name"},"AzureBlobStorage1":{"type":"string"},"AzureSqlDatabase1":{"type":"string"}},"variables":{"factoryId":"[concat('Microsoft.DataFactory/factories/', parameters('factoryName'))]"},"resources":[{"name":"[concat(parameters('factoryName'), '/pl_SCD_Type1_proj')]","type":"Microsoft.DataFactory/factories/pipelines","apiVersion":"2018-06-01","properties":{"activities":[{"name":"SCD Type 1","type":"ExecuteDataFlow","dependsOn":[],"policy":{"timeout":"0.12:00:00","retry":0,"retryIntervalInSeconds":30,"secureOutput":false,"secureInput":false},"userProperties":[],"typeProperties":{"dataflow":{"referenceName":"df_scd_type_1","type":"DataFlowReference","parameters":{},"datasetParameters":{"csvsource":{},"UpsertInDestination":{}}},"staging":{},"compute":{"coreCount":8,"computeType":"General"},"traceLevel":"Fine"}}],"policy":{"elapsedTimeMetric":{}},"annotations":[]},"dependsOn":["[concat(variables('factoryId'), '/dataflows/df_scd_type_1')]"]},{"name":"[concat(parameters('factoryName'), '/df_scd_type_1')]","type":"Microsoft.DataFactory/factories/dataflows","apiVersion":"2018-06-01","properties":{"type":"MappingDataFlow","typeProperties":{"sources":[{"dataset":{"referenceName":"emp_csv","type":"DatasetReference"},"name":"csvsource"}],"sinks":[{"dataset":{"referenceName":"AzureSqlTable1","type":"DatasetReference"},"name":"UpsertInDestination"}],"transformations":[{"name":"SCDtype1op"}],"scriptLines":["source(output(","          emp_id as integer,","          name as string,","          salary as integer,","          loc as string","     ),","     allowSchemaDrift: true,","     validateSchema: false,","     ignoreNoFilesFound: false) ~> csvsource","csvsource alterRow(upsertIf(1==1)) ~> SCDtype1op","SCDtype1op sink(allowSchemaDrift: true,","     validateSchema: false,","     input(","          employee_id as integer,","          FirstName as string,","          salary as integer,","          location as string","     ),","     deletable:false,","     insertable:false,","     updateable:false,","     upsertable:true,","     keys:['employee_id'],","     format: 'table',","     skipDuplicateMapInputs: true,","     skipDuplicateMapOutputs: true,","     errorHandlingOption: 'stopOnFirstError',","     mapColumn(","          employee_id = emp_id,","          FirstName = name,","          salary,","          location = loc","     )) ~> UpsertInDestination"]}},"dependsOn":["[concat(variables('factoryId'), '/datasets/emp_csv')]","[concat(variables('factoryId'), '/datasets/AzureSqlTable1')]"]},{"name":"[concat(parameters('factoryName'), '/emp_csv')]","type":"Microsoft.DataFactory/factories/datasets","apiVersion":"2018-06-01","properties":{"linkedServiceName":{"referenceName":"[parameters('AzureBlobStorage1')]","type":"LinkedServiceReference"},"annotations":[],"type":"DelimitedText","typeProperties":{"location":{"type":"AzureBlobStorageLocation","fileName":"emp.csv","container":"employee"},"columnDelimiter":",","escapeChar":"\\","firstRowAsHeader":true,"quoteChar":"\""},"schema":[{"name":"emp_id","type":"String"},{"name":"name","type":"String"},{"name":"salary","type":"String"},{"name":"loc","type":"String"}]},"dependsOn":[]},{"name":"[concat(parameters('factoryName'), '/AzureSqlTable1')]","type":"Microsoft.DataFactory/factories/datasets","apiVersion":"2018-06-01","properties":{"linkedServiceName":{"referenceName":"[parameters('AzureSqlDatabase1')]","type":"LinkedServiceReference"},"annotations":[],"type":"AzureSqlTable","schema":[{"name":"employee_id","type":"int","precision":10},{"name":"FirstName","type":"nvarchar"},{"name":"salary","type":"int","precision":10},{"name":"location","type":"nvarchar"}],"typeProperties":{"schema":"dbo","table":"employee"}},"dependsOn":[]}]}