{"$schema":"http://schema.management.azure.com/schemas/2015-01-01/deploymentTemplate.json#","contentVersion":"1.0.0.0","parameters":{"factoryName":{"type":"string","metadata":"Data Factory name"},"RestService1":{"type":"string"},"ls_rrcadls":{"type":"string"}},"variables":{"factoryId":"[concat('Microsoft.DataFactory/factories/', parameters('factoryName'))]"},"resources":[{"name":"[concat(parameters('factoryName'), '/pl_ingest_website_breach_rest_api_data')]","type":"Microsoft.DataFactory/factories/pipelines","apiVersion":"2018-06-01","properties":{"activities":[{"name":"Get Website Breach Data","type":"Copy","dependsOn":[],"policy":{"timeout":"0.12:00:00","retry":0,"retryIntervalInSeconds":30,"secureOutput":false,"secureInput":false},"userProperties":[],"typeProperties":{"source":{"type":"RestSource","httpRequestTimeout":"00:01:40","requestInterval":"00.00:00:00.010","requestMethod":"GET","paginationRules":{"supportRFC5988":"true"}},"sink":{"type":"DelimitedTextSink","storeSettings":{"type":"AzureBlobStorageWriteSettings"},"formatSettings":{"type":"DelimitedTextWriteSettings","quoteAllText":true,"fileExtension":".txt"}},"enableStaging":false,"translator":{"type":"TabularTranslator","mappings":[{"source":{"path":"$['Name']"},"sink":{"name":"Name"}},{"source":{"path":"$['Title']"},"sink":{"name":"Title"}},{"source":{"path":"$['Domain']"},"sink":{"name":"Domain"}},{"source":{"path":"$['BreachDate']"},"sink":{"name":"BreachDate"}},{"source":{"path":"$['AddedDate']"},"sink":{"name":"AddedDate"}},{"source":{"path":"$['ModifiedDate']"},"sink":{"name":"ModifiedDate"}},{"source":{"path":"$['PwnCount']"},"sink":{"name":"PwnCount"}},{"source":{"path":"$['Description']"},"sink":{"name":"Description"}},{"source":{"path":"$['LogoPath']"},"sink":{"name":"LogoPath"}},{"source":{"path":"$['IsVerified']"},"sink":{"name":"IsVerified"}},{"source":{"path":"$['IsFabricated']"},"sink":{"name":"IsFabricated"}},{"source":{"path":"$['IsSensitive']"},"sink":{"name":"IsSensitive"}},{"source":{"path":"$['IsRetired']"},"sink":{"name":"IsRetired"}},{"source":{"path":"$['IsSpamList']"},"sink":{"name":"IsSpamList"}},{"source":{"path":"$['IsMalware']"},"sink":{"name":"IsMalware"}},{"source":{"path":"$['IsSubscriptionFree']"},"sink":{"name":"IsSubscriptionFree"}}]}},"inputs":[{"referenceName":"RestResource1","type":"DatasetReference","parameters":{}}],"outputs":[{"referenceName":"rrcadls","type":"DatasetReference","parameters":{}}]}],"policy":{"elapsedTimeMetric":{}},"annotations":[]},"dependsOn":["[concat(variables('factoryId'), '/datasets/RestResource1')]","[concat(variables('factoryId'), '/datasets/rrcadls')]"]},{"name":"[concat(parameters('factoryName'), '/RestResource1')]","type":"Microsoft.DataFactory/factories/datasets","apiVersion":"2018-06-01","properties":{"linkedServiceName":{"referenceName":"[parameters('RestService1')]","type":"LinkedServiceReference"},"annotations":[],"type":"RestResource","typeProperties":{},"schema":[]},"dependsOn":[]},{"name":"[concat(parameters('factoryName'), '/rrcadls')]","type":"Microsoft.DataFactory/factories/datasets","apiVersion":"2018-06-01","properties":{"linkedServiceName":{"referenceName":"[parameters('ls_rrcadls')]","type":"LinkedServiceReference"},"annotations":[],"type":"DelimitedText","typeProperties":{"location":{"type":"AzureBlobStorageLocation","container":"input"},"columnDelimiter":",","escapeChar":"\\","firstRowAsHeader":true,"quoteChar":"\""},"schema":[]},"dependsOn":[]}]}